"1","van_thanh_cong","cong","Van Thanh Cong","16/03/2006 10:26:12 (6108 ngay, 16 phut, 17 giay ago)","30/09/1981 13:35:32 (15040 ngay, 21 gio, 6 phut, 57 giay ago)","(84-8) 3829 9028","VanThanhCong@gmail.com","43 Mac Thi Buoi Street, Ben Nghe Ward, District 1, Ho Chi Minh City, Ho Chi Minh City","0"
"2","ly_hong_duc","duc","Ly Hong Duc","12/10/1998 02:31:06 (8820 ngay, 8 gio, 11 phut, 23 giay ago)","21/11/1991 11:13:21 (11336 ngay, 23 gio, 29 phut, 8 giay ago)","04. 3791 5667","LyHongDuc@gmail.com","365 - 367 Hoang Quoc Viet, Ward Nghia Tan, District Cau Giay, Ha Noi, Hanoi","0"
"3","thao_ngoc_dung","dung","Thao Ngoc Dung","30/03/1993 09:29:37 (10842 ngay, 1 gio, 12 phut, 52 giay ago)","19/03/1983 01:52:07 (14506 ngay, 8 gio, 50 phut, 22 giay ago)","03203. 586 522","ThaoNgocDung@gmail.com","Building Buu dien Chi Linh, 233 Pho Nguyen Trai 2, Sao Do, Hai Duong","36"
"4","dong_khac_duy","duy","Dong Khac Duy","12/10/2009 02:53:27 (4802 ngay, 7 gio, 49 phut, 2 giay ago)","21/08/2007 10:43:14 (5584 ngay, 23 gio, 59 phut, 15 giay ago)","04.3933 4790","DongKhacDuy@gmail.com","No. 34A Han Thuyen, District Hai Ba Trung, Ha Noi, Hanoi","0"
"5","nham_anh_khoa","khoa","Nham Anh Khoa","21/11/1989 20:26:03 (12066 ngay, 14 gio, 16 phut, 26 giay ago)","05/06/1984 01:58:30 (14062 ngay, 8 gio, 43 phut, 59 giay ago)","(84-34) 386 4367","NhamAnhKhoa@gmail.com","Tay Dang Town, Ba Vi Dist, Ho Chi Minh City, Ho Chi Minh City","0"
"6","duy_quoc_hai","hai","Duy Quoc Hai","11/08/1993 09:01:48 (10708 ngay, 1 gio, 40 phut, 41 giay ago)","15/09/1980 11:04:19 (15420 ngay, 23 gio, 38 phut, 10 giay ago)","(84 - 8) 3855 6365","DuyQuocHai@gmail.com","35 LE QUANG SUNG STREET, WARD 2, DISTRICT 6, Dong Da District, Hanoi","0"
"7","cam_khanh_hoan","hoan","Cam Khanh Hoan","04/03/1998 09:32:32 (9042 ngay, 1 gio, 9 phut, 57 giay ago)","28/12/1993 11:59:16 (10568 ngay, 22 gio, 43 phut, 13 giay ago)","(84-4) 38 233 892/(84-4) 37 321 379/(84-4) 37 330 467/(84-4) 38 233 892/(84-4) 37 322 344","CamKhanhHoan@gmail.com","15A1 Cat Linh Street, Ho Chi Minh City, Ho Chi Minh City","0"
"8","doan_gia_huan","huan","Doan Gia Huan","11/10/1995 01:59:38 (9917 ngay, 8 gio, 42 phut, 51 giay ago)","07/01/1990 12:01:02 (12019 ngay, 22 gio, 41 phut, 27 giay ago)","(08) 39303160","DoanGiaHuan@gmail.com","257 Dien Bien Phu, Ward 7, Dist.3, Hanoi, Hanoi","0"
"9","dieu_gia_huan","huan","Dieu Gia Huan","16/07/2009 05:19:46 (4890 ngay, 5 gio, 22 phut, 43 giay ago)","27/06/1986 01:45:48 (13310 ngay, 8 gio, 56 phut, 41 giay ago)","84-4-2751014","DieuGiaHuan@gmail.com","F1802b, M3-m4 Building, 91 Nguyen Chi Thanh, Tan Phu District, Ho Chi Minh City","1"
"10","son_xuan_huy","huy","Son Xuan Huy","24/07/2006 03:31:51 (5978 ngay, 7 gio, 10 phut, 38 giay ago)","15/06/1984 03:50:29 (14052 ngay, 6 gio, 52 phut ago)","(84-8) 35 590 864","SonXuanHuy@gmail.com","75/16 Go Dau Street, Tan Quy Ward, Hai Ba Trung Dist., Hanoi","25"
"11","pham_thu_nhan","nhan","Pham Thu Nhan","09/05/2003 20:25:52 (7149 ngay, 14 gio, 16 phut, 37 giay ago)","05/06/1982 22:52:13 (14792 ngay, 11 gio, 50 phut, 16 giay ago)","(84-8) 9974999","PhamThuNhan@gmail.com","27 B8 Dam Trau New Urban Area, Xa Duc Hoa Ha, Long An","3"
"12","phan_cao_sy","sy","Phan Cao Sy","23/08/2003 19:24:05 (7043 ngay, 15 gio, 18 phut, 24 giay ago)","04/01/1998 08:02:52 (9101 ngay, 2 gio, 39 phut, 37 giay ago)","072. .3 763.9725","PhanCaoSy@gmail.com","Hamlet Binh Tien 1, lo 825, Binh Chanh Dist., Ho Chi Minh City","25"
"13","khuong_khac_trong","trong","Khuong Khac Trong","30/07/2005 22:31:58 (6336 ngay, 12 gio, 10 phut, 31 giay ago)","07/08/1992 20:35:05 (11076 ngay, 14 gio, 7 phut, 24 giay ago)","(08) 38770781/37540433","KhuongKhacTrong@gmail.com","E4/52 Group 5, Binh Tri Dong Hamlet, Binh Tan, Ho Chi Minh City","0"
"14","tra_the_trung","trung","Tra The Trung","21/03/2007 01:55:55 (5738 ngay, 8 gio, 46 phut, 34 giay ago)","29/12/2004 23:35:04 (6549 ngay, 11 gio, 7 phut, 25 giay ago)","08. 7542186","TraTheTrung@gmail.com","Lo 9, C, Industrial zones Tan Tao, Tan Phu Dist., Ho Chi Minh City","0"
"15","vi_tuong_vinh","vinh","Vi Tuong Vinh","01/03/2005 17:20:12 (6487 ngay, 17 gio, 22 phut, 17 giay ago)","13/11/1981 13:46:42 (14996 ngay, 20 gio, 55 phut, 47 giay ago)","(84-4) 5143880","ViTuongVinh@gmail.com","1/22A Au Co St., Tan Son Nhi Ward, Ho Chi Minh City, Ho Chi Minh City","42"
"16","nhu_quang_vu","vu","Nhu Quang Vu","09/04/2006 23:00:35 (6083 ngay, 11 gio, 41 phut, 54 giay ago)","23/01/2003 11:02:29 (7255 ngay, 23 gio, 40 phut ago)","(84-8) 8336437/8302711","NhuQuangVu@gmail.com","88/3 Ba Huyen Thanh Quan St., Ward 9, Dist. 3, Thanh Hoa Province, Thanh Hoa","26"
"17","tan_minh_an","an","Tan Minh An","13/01/2004 20:32:53 (6900 ngay, 14 gio, 9 phut, 36 giay ago)","09/02/1985 14:08:51 (13812 ngay, 20 gio, 33 phut, 38 giay ago)","(84-210) 3 848 861","TanMinhAn@gmail.com","2201 Hung Vuong Avenue, Viet Tri City, Ho Chi Minh City, Ho Chi Minh City","33"
"18","ngan_gia_anh","anh","Ngan Gia Anh","04/06/2001 19:55:17 (7853 ngay, 14 gio, 47 phut, 12 giay ago)","07/11/1983 19:41:54 (14272 ngay, 15 gio, 35 giay ago)","(84-37) 3 854 552","NganGiaAnh@gmail.com","NGUYEN TRAI STREET, BA DINH WARD, THANH HOA CITY, Hai Ba Trung District., Hanoi","48"
"19","leng_kien_binh","binh","Leng Kien Binh","03/10/1992 01:00:16 (11020 ngay, 9 gio, 42 phut, 13 giay ago)","16/10/1980 12:29:50 (15389 ngay, 22 gio, 12 phut, 39 giay ago)","(08) 38214094","LengKienBinh@gmail.com","Rm.204, 35 Nguyen Hue, Dist.1, Ho Chi Minh City, Ho Chi Minh City","33"
"20","cu_thanh_cong","cong","Cu Thanh Cong","06/11/1984 18:04:53 (13907 ngay, 16 gio, 37 phut, 36 giay ago)","11/08/1980 00:06:28 (15456 ngay, 10 gio, 36 phut, 1 giay ago)","(84-4) 38 228 572","CuThanhCong@gmail.com","10 Ho Xuan Huong Street, Tan Binh District, Ho Chi Minh City","22"
"21","thuc_ba_cuong","cuong","Thuc Ba Cuong","15/01/2008 14:03:45 (5437 ngay, 20 gio, 38 phut, 44 giay ago)","09/08/1994 05:05:37 (10345 ngay, 5 gio, 36 phut, 52 giay ago)","84-8833-7235","ThucBaCuong@gmail.com","287 Nguyen Thien Thuat, Ward 1, District 3, Ba Dinh District, Hanoi","19"
"22","tang_hong_ðang","ðang","Tang Hong Ðang","11/11/2006 08:58:20 (5868 ngay, 1 gio, 44 phut, 9 giay ago)","19/02/1994 22:40:35 (10515 ngay, 12 gio, 1 phut, 54 giay ago)","84-08-8643336","TangHongÐang@gmail.com","69, Thanh My Street, Ward 8, Duc Hanh, Binh Phuoc","33"
"23","thuc_thanh_ðat","ðat","Thuc Thanh Ðat","23/05/2008 23:58:58 (5308 ngay, 10 gio, 43 phut, 31 giay ago)","27/11/1995 05:15:49 (9870 ngay, 5 gio, 26 phut, 40 giay ago)","(84-18) 385 2043","ThucThanhÐat@gmail.com","18 Ba Trieu Street, Cham Mat Ward, Hoan Kiem District, Hanoi","0"
"24","vien_thanh_doanh","doanh","Vien Thanh Doanh","17/04/2006 13:55:30 (6075 ngay, 20 gio, 46 phut, 59 giay ago)","02/10/1982 10:08:46 (14674 ngay, 33 phut, 43 giay ago)","(84-4) 37 162 878","VienThanhDoanh@gmail.com","104 Pho Duc Chinh Street, Bien Hoa, Dong Nai","32"
"25","xa_hoang_dung","dung","Xa Hoang Dung","13/11/1996 08:16:16 (9518 ngay, 2 gio, 26 phut, 13 giay ago)","31/08/1984 18:59:00 (13974 ngay, 15 gio, 43 phut, 29 giay ago)","(84-651) 3 778 664","XaHoangDung@gmail.com","Binh Duc 1, Vung Tau City, Ba Ria-Vung Tau","0"
"26","lien_tan_dung","dung","Lien Tan Dung","10/10/1996 23:08:41 (9551 ngay, 11 gio, 33 phut, 48 giay ago)","21/03/1996 22:26:09 (9754 ngay, 12 gio, 16 phut, 20 giay ago)","(84-4) 38 257 067/(84-4) 38 243 990/(84-4) 38 267 855","LienTanDung@gmail.com","Hanoi Tung Shing Square, 20 Ngo Quyen Street, Ho Chi Minh City, Ho Chi Minh City","6"
"27","dong_ðang_khanh","khanh","Dong Ðang Khanh","25/09/2008 09:32:26 (5184 ngay, 1 gio, 10 phut, 3 giay ago)","22/11/1997 22:26:19 (9143 ngay, 12 gio, 16 phut, 10 giay ago)","061. 887 1614","DongÐangKhanh@gmail.com","10 - 11 Nguyen Ai Quoc, KP 8, Ho Chi Minh City, Ho Chi Minh City","0"
"28","han_thien_khiem","khiem","Han Thien Khiem","22/07/1998 17:53:01 (8901 ngay, 16 gio, 49 phut, 28 giay ago)","30/10/1985 13:05:22 (13549 ngay, 21 gio, 37 phut, 7 giay ago)","(84-64) 3850080","HanThienKhiem@gmail.com","8 Hoang Dieu Street, Ward 1, Ha Tay, Hanoi","47"
"29","dang_minh_khoi","khoi","Dang Minh Khoi","30/12/2004 00:12:02 (6549 ngay, 10 gio, 30 phut, 27 giay ago)","05/09/2000 20:59:51 (8125 ngay, 13 gio, 42 phut, 38 giay ago)","(84-8) 38 480 035","DangMinhKhoi@gmail.com","39/3 Tran Nhat Duat Street, Tan Dinh Ward, District 1, Thanh Xuan Dist., Hanoi","32"
"30","te_hoang_hai","hai","Te Hoang Hai","30/08/2009 13:48:51 (4844 ngay, 20 gio, 53 phut, 38 giay ago)","05/12/1992 15:43:09 (10956 ngay, 18 gio, 59 phut, 20 giay ago)","(08) 39143337","TeHoangHai@gmail.com","12 Nam Ky Khoi Nghia, Nguyen Thai Binh Ward, Dist.1, Song Than Iz, Binh Duong","0"
"31","danh_thanh_hai","hai","Danh Thanh Hai","25/08/1992 20:22:49 (11058 ngay, 14 gio, 19 phut, 40 giay ago)","24/10/1981 10:28:00 (15017 ngay, 14 phut, 29 giay ago)","(84-56) 3 641 594","DanhThanhHai@gmail.com","50 Phu Tai Street, Quy Nhon City, Van Hai, Ninh Thuan","25"
"32","do_thai_hoa","hoa","Do Thai Hoa","24/06/1996 17:11:48 (9659 ngay, 17 gio, 30 phut, 41 giay ago)","11/04/1995 08:14:31 (10100 ngay, 2 gio, 27 phut, 58 giay ago)","(84-34) 3 832 256","DoThaiHoa@gmail.com","Chua Thong Street, Son Loc Ward, Son Tay Town, Tan Phong Ward, Ho Chi Minh City","25"
"33","giap_quoc_hoai","hoai","Giap Quoc Hoai","01/12/2009 11:21:48 (4751 ngay, 23 gio, 20 phut, 41 giay ago)","28/08/1985 14:49:09 (13612 ngay, 19 gio, 53 phut, 20 giay ago)","84-90-6274687","GiapQuocHoai@gmail.com","177 Dien Bien Phu, Ho Chi Minh City, Ho Chi Minh City","0"
"34","hma_thien_hung","hung","Hma Thien Hung","25/02/2003 16:23:17 (7222 ngay, 18 gio, 19 phut, 12 giay ago)","09/03/1990 07:28:59 (11959 ngay, 3 gio, 13 phut, 30 giay ago)","(04) 38644835","H'maThienHung@gmail.com","1/120 Dinh Cong, Ngo Quyen Dist., Haiphong","0"
"35","quan_gia_huy","huy","Quan Gia Huy","30/06/2006 23:38:14 (6001 ngay, 11 gio, 4 phut, 15 giay ago)","11/02/1994 14:57:10 (10523 ngay, 19 gio, 45 phut, 19 giay ago)","(84-650) 3 732 542","QuanGiaHuy@gmail.com","22 Doc Lap Street, Phu Nhuan Dist., Ho Chi Minh City","0"
"36","dai_viet_huy","huy","Dai Viet Huy","29/10/2004 22:11:59 (6610 ngay, 12 gio, 30 phut, 30 giay ago)","11/06/1994 15:35:47 (10403 ngay, 19 gio, 6 phut, 42 giay ago)","(84-68) 389 0055","DaiVietHuy@gmail.com","Binh Son, Binh Tan District, Ho Chi Minh City","28"
"37","che_tan_loi","loi","Che Tan Loi","19/06/1990 05:52:05 (11857 ngay, 4 gio, 50 phut, 24 giay ago)","28/08/1984 05:56:07 (13978 ngay, 4 gio, 46 phut, 22 giay ago)","(84-8) 54 121 615","CheTanLoi@gmail.com","21 Ha Huy Tap street, Phu My Hung, Tan Phong Ward, Dong Da District, Hanoi","27"
"38","h_ba_long","long","H Ba Long","24/03/2007 15:40:15 (5734 ngay, 19 gio, 2 phut, 14 giay ago)","27/12/1984 04:25:50 (13857 ngay, 6 gio, 16 phut, 39 giay ago)","(84-8) 8411725","H'BaLong@gmail.com","424-48B Nguyen Thuong Hien St., Ward 4, Dist. 3, Tan Binh District, Ho Chi Minh City","19"
"39","nguyen_thien_luong","luong","Nguyen Thien Luong","24/04/1992 07:13:50 (11182 ngay, 3 gio, 28 phut, 39 giay ago)","13/11/1991 18:56:40 (11344 ngay, 15 gio, 45 phut, 49 giay ago)","31-3836724/3836036","NguyenThienLuong@gmail.com","13 Vo Thi Sau, May To Ward, Ho Chi Minh City, Ho Chi Minh City","21"
"40","chung_thanh_minh","minh","Chung Thanh Minh","22/03/2003 13:26:36 (7197 ngay, 21 gio, 15 phut, 53 giay ago)","27/04/1992 09:58:29 (11179 ngay, 44 phut ago)","(84-67) 867317/862317","ChungThanhMinh@gmail.com","216 Le Van Sy St., Ward 10, Di An Townlet, Binh Duong","39"
"41","mau_hai_nguyen","nguyen","Mau Hai Nguyen","07/07/1987 15:17:46 (12934 ngay, 19 gio, 24 phut, 43 giay ago)","17/12/1980 07:52:04 (15328 ngay, 2 gio, 50 phut, 25 giay ago)","(84-8) 37513080","MauHaiNguyen@gmail.com","166-172 Street 1, Binh Tri Dong B Ward, Hoang Mai Dist., Hanoi","18"
"42","khai_phuc_nguyen","nguyen","Khai Phuc Nguyen","25/12/1995 13:49:43 (9841 ngay, 20 gio, 52 phut, 46 giay ago)","03/10/1988 16:04:06 (12480 ngay, 18 gio, 38 phut, 23 giay ago)","(84-4) 37 756 711","KhaiPhucNguyen@gmail.com","76 Nguyen Chi Thanh Street, Hiep Thanh Ward, Ho Chi Minh City","0"
"43","han_phuoc_nguyen","nguyen","Han Phuoc Nguyen","23/08/2000 11:29:09 (8138 ngay, 23 gio, 13 phut, 20 giay ago)","25/06/1994 03:52:19 (10390 ngay, 6 gio, 50 phut, 10 giay ago)","(84-8) 38 117 433","HanPhuocNguyen@gmail.com","157-159 Xuan Hong Street, Ward 12, Tan Binh District, Ho Chi Minh City","25"
"44","tan_hoang_phat","phat","Tan Hoang Phat","03/10/2001 11:17:03 (7732 ngay, 23 gio, 25 phut, 26 giay ago)","31/03/1981 12:45:38 (15223 ngay, 21 gio, 56 phut, 51 giay ago)","(08) 62640738/62640736","TanHoangPhat@gmail.com","308 Lanh Binh Thang, Ward 11, Dist.11, Ho Chi Minh City, Ho Chi Minh City","0"
"45","mac_tan_phat","phat","Mac Tan Phat","22/05/1986 04:15:37 (13346 ngay, 6 gio, 26 phut, 52 giay ago)","31/07/1980 08:21:43 (15467 ngay, 2 gio, 20 phut, 46 giay ago)","(650) 3732476","MacTanPhat@gmail.com","7 Str. 19, St1 IZ., Ha Noi, Hanoi","0"
"46","hau_gia_phuc","phuc","Hau Gia Phuc","07/07/1997 16:33:16 (9281 ngay, 18 gio, 9 phut, 13 giay ago)","09/01/1993 01:57:14 (10922 ngay, 8 gio, 45 phut, 15 giay ago)","(04) 90440398/90440909/90","HauGiaPhuc@gmail.com","Thanh Tri Ward, Nam Dinh City, Nam Dinh","0"
"47","don_vien_phuong","phuong","Don Vien Phuong","31/08/1995 11:11:01 (9957 ngay, 23 gio, 31 phut, 28 giay ago)","03/12/1990 20:30:34 (11689 ngay, 14 gio, 11 phut, 55 giay ago)","(08) 37175852","DonVienPhuong@gmail.com","Lot 6, Area B1, Hiep Thanh Ward, Rach Dua Ward, Ba Ria-Vung Tau","49"
"48","nham_tan_sinh","sinh","Nham Tan Sinh","19/11/2007 14:46:58 (5494 ngay, 19 gio, 55 phut, 31 giay ago)","25/09/1989 09:17:13 (12124 ngay, 1 gio, 25 phut, 16 giay ago)","(84-8) 6200 2456","NhamTanSinh@gmail.com","549 TRUONG CHINH STREET, WARD 14, Binh Thanh District, Ho Chi Minh City","8"
"49","vi_cao_son","son","Vi Cao Son","15/12/1997 11:25:47 (9120 ngay, 23 gio, 16 phut, 42 giay ago)","18/11/1988 05:16:32 (12435 ngay, 5 gio, 25 phut, 57 giay ago)","(84-20) 2 211 867","ViCaoSon@gmail.com","585 Hoang Lien StreetKim Tan Ward, City, Go Vap District, Ho Chi Minh City","49"
"50","mac_hong_son","son","Mac Hong Son","30/01/1993 11:28:48 (10900 ngay, 23 gio, 13 phut, 41 giay ago)","21/01/1993 02:17:25 (10910 ngay, 8 gio, 25 phut, 4 giay ago)","(08) 38208453","MacHongSon@gmail.com","62A Pham Ngoc Thach, Ward 6, Dist.3, Tan Phu Dist., Ho Chi Minh City","11"
"51","kha_phuoc_son","son","Kha Phuoc Son","02/08/2009 08:12:34 (4873 ngay, 2 gio, 29 phut, 55 giay ago)","12/04/1996 19:24:40 (9732 ngay, 15 gio, 17 phut, 49 giay ago)","(84-58)387 7961","KhaPhuocSon@gmail.com","34 Tran Nhat Duat, Nha Trang City, Phu Nhuan Dist., Ho Chi Minh City","47"
"52","hi_van_son","son","Hi Van Son","01/06/2006 06:55:07 (6031 ngay, 3 gio, 47 phut, 22 giay ago)","19/06/1991 21:06:56 (11491 ngay, 13 gio, 35 phut, 33 giay ago)","043. 3.833311","HiVanSon@gmail.com","No. 49 Nguyen Thai Hoc, Son Tay, Cau Giay Dist., Hanoi","34"
"53","da_tuan_tai","tai","Da Tuan Tai","02/07/2004 11:07:58 (6729 ngay, 23 gio, 34 phut, 31 giay ago)","09/02/1993 04:48:20 (10891 ngay, 5 gio, 54 phut, 9 giay ago)","350-3383799","DaTuanTai@gmail.com","103 Quang Trung, Quang Trung Ward, Phu Cuong Ward, Binh Duong","0"
"54","dong_viet_tien","tien","Dong Viet Tien","11/06/2004 22:41:35 (6750 ngay, 12 gio, 54 giay ago)","12/08/1987 08:42:24 (12899 ngay, 2 gio, 5 giay ago)","(84-58) 3820309","DongVietTien@gmail.com","12-14 Tran Phu Street, Nha Trang City, Tan Binh Dist., Ho Chi Minh City","2"
"55","bach_ðuc_toan","toan","Bach Ðuc Toan","15/06/2004 08:22:30 (6747 ngay, 2 gio, 19 phut, 59 giay ago)","11/03/2002 16:17:29 (7573 ngay, 18 gio, 25 phut ago)","(84-8) 9305020","BachÐucToan@gmail.com","492/34/104 St. 30/4, Cau Giay Dist, Hanoi","1"
"56","phu_kien_trung","trung","Phu Kien Trung","16/07/2008 17:45:08 (5254 ngay, 16 gio, 57 phut, 21 giay ago)","16/12/1984 10:47:41 (13867 ngay, 23 gio, 54 phut, 48 giay ago)","(84-8) 3512 0771","PhuKienTrung@gmail.com","216D XO VIET NGHE TINH STREET, WARD 21, Thanh Hoa, Ho Chi Minh City","15"
"57","kieu_tuan_trung","trung","Kieu Tuan Trung","16/05/2007 09:05:17 (5682 ngay, 1 gio, 37 phut, 12 giay ago)","28/04/1985 23:53:15 (13734 ngay, 10 gio, 49 phut, 14 giay ago)","(84-8) 3984 1016/(84-8) 3894 2731/(84-8) 3984 1042","KieuTuanTrung@gmail.com","69 Nguyen Huy Dien Street, Ward 7, Thu Duc Dist., Ho Chi Minh City","0"
"58","leng_xuan_truong","truong","Leng Xuan Truong","09/02/2007 23:31:46 (5777 ngay, 11 gio, 10 phut, 43 giay ago)","13/06/1995 19:31:29 (10036 ngay, 15 gio, 11 phut ago)","(84-8) 9973751/9971449","LengXuanTruong@gmail.com","20B Phan Chu Trinh St., Tan Thanh Ward, Binh Thanh District, Ho Chi Minh City","0"
"59","lo_manh_tuan","tuan","Lo Manh Tuan","19/05/2007 09:47:43 (5679 ngay, 54 phut, 46 giay ago)","25/05/2000 10:01:36 (8229 ngay, 40 phut, 53 giay ago)","84-08-9954246","LoManhTuan@gmail.com","54 Phung Van Cung St., An Binh Ward, Kien Giang","0"
"60","than_an_tuong","tuong","Than An Tuong","26/10/2005 12:37:35 (6248 ngay, 22 gio, 4 phut, 54 giay ago)","19/08/1986 05:40:35 (13257 ngay, 5 gio, 1 phut, 54 giay ago)","(04) 37670334/38361767","ThanAnTuong@gmail.com","249 Hoang Quoc Viet, Hue City, Thua Thien Hue","34"
"61","hi_quoc_thang","thang","Hi Quoc Thang","26/12/1999 12:33:59 (8379 ngay, 22 gio, 8 phut, 30 giay ago)","15/11/1987 06:44:06 (12804 ngay, 3 gio, 58 phut, 23 giay ago)","(84-8) 8436722","HiQuocThang@gmail.com","15A Yersin St., Tu Liem District, Hanoi","0"
"62","manh_thanh_thien","thien","Manh Thanh Thien","11/04/2007 00:31:51 (5717 ngay, 10 gio, 10 phut, 38 giay ago)","01/02/1987 20:56:27 (13090 ngay, 13 gio, 46 phut, 2 giay ago)","(08) 38446412","ManhThanhThien@gmail.com","384 Cach Mang Thang 8, Ward 4, District Tan Binh, Ho Chi Minh City","37"
"63","khoa_manh_thien","thien","Khoa Manh Thien","21/05/2008 14:42:18 (5310 ngay, 20 gio, 11 giay ago)","02/05/1982 09:22:33 (14827 ngay, 1 gio, 19 phut, 56 giay ago)","7840929/7840685","KhoaManhThien@gmail.com","423 Nguyen Khang St., Yen Hoa Ward, Binh Thanh District, Ho Chi Minh City","0"
"64","phan_quang_thuan","thuan","Phan Quang Thuan","27/07/2006 19:01:30 (5974 ngay, 15 gio, 40 phut, 59 giay ago)","04/10/2000 13:30:20 (8096 ngay, 21 gio, 12 phut, 9 giay ago)","(84-37) 3853 563","PhanQuangThuan@gmail.com","129 Tran Phu Street, Ho Chi Minh City, Ho Chi Minh City","16"
"65","vi_anh_viet","viet","Vi Anh Viet","12/12/1994 03:23:09 (10220 ngay, 7 gio, 19 phut, 20 giay ago)","25/04/1987 10:40:21 (13008 ngay, 2 phut, 8 giay ago)","(08) 37266356","ViAnhViet@gmail.com","Kha Van Can, Area 4, Hiep Binh Chanh Ward, Yen Hung District, Quang Ninh","0"
"66","tao_vuong_viet","viet","Tao Vuong Viet","25/02/1997 14:20:12 (9413 ngay, 20 gio, 22 phut, 17 giay ago)","06/09/1983 03:03:31 (14335 ngay, 7 gio, 38 phut, 58 giay ago)","(84-8) 38998564","TaoVuongViet@gmail.com","243a Bui Dinh Tuy street, Ward 24, Tan Binh Dist., Ho Chi Minh City","35"
"67","bo_dieu_thien","thien","Bo Dieu Thien","01/07/2005 04:55:52 (6366 ngay, 5 gio, 46 phut, 37 giay ago)","21/05/2003 23:30:27 (7137 ngay, 11 gio, 12 phut, 2 giay ago)","(84-77) 3 918 720/(84-77) 38 601 550","BoDieuThien@gmail.com","1170 Nguyen Trung Truc Street, Tan Phong, Ho Chi Minh City","2"
"68","chu_hong_lam","lam","Chu Hong Lam","23/11/2003 22:16:29 (6951 ngay, 12 gio, 26 phut ago)","15/06/1998 16:04:38 (8938 ngay, 18 gio, 37 phut, 51 giay ago)","(84-240) 3 854 795","ChuHongLam@gmail.com","268 MY DO STREET, BAC GIANG CITY, Ho Chi Minh City, Ho Chi Minh City","32"
"69","trung_moc_mien","mien","Trung Moc Mien","26/09/1999 17:25:45 (8470 ngay, 17 gio, 16 phut, 44 giay ago)","24/05/1993 08:09:01 (10787 ngay, 2 gio, 33 phut, 28 giay ago)","(84-54) 3 826 985","TrungMocMien@gmail.com","274, Hung Vuong Street, Hoan Kiem, Hanoi","6"
"70","binh_my_kieu","kieu","Binh My Kieu","04/07/1988 04:56:05 (12572 ngay, 5 gio, 46 phut, 24 giay ago)","05/04/1981 07:30:21 (15219 ngay, 3 gio, 12 phut, 8 giay ago)","(84-38) 3844553/(84-38) 3833897/(84-38) 3842926","BinhMyKieu@gmail.com","135 Nguyen Viet Xuan Street, Vinh City, Binh Phuoc Province, Binh Phuoc","0"
"71","phu_thanh_hao","hao","Phu Thanh Hao","01/12/2001 05:32:20 (7674 ngay, 5 gio, 10 phut, 9 giay ago)","01/06/1996 09:47:00 (9683 ngay, 55 phut, 29 giay ago)","(84-4) 6 278 4483/(84-4) 6 278 4498","PhuThanhHao@gmail.com","Collective Academy of Finance, Group 10, Cau Dien Town, Thu Duc Dist., Ho Chi Minh City","17"
"72","nham_thu_hau","hau","Nham Thu Hau","31/03/2008 14:59:29 (5361 ngay, 19 gio, 43 phut ago)","27/09/1993 19:38:31 (10660 ngay, 15 gio, 3 phut, 58 giay ago)","08. 3971 7042","NhamThuHau@gmail.com","521 - 521A Ly Thuong Kiet, Ward 8, Ho Chi Minh City, Ho Chi Minh City","26"
"73","xung_thuong_nga","nga","Xung Thuong Nga","25/03/2008 11:59:28 (5367 ngay, 22 gio, 43 phut, 1 giay ago)","06/12/1996 08:14:16 (9495 ngay, 2 gio, 28 phut, 13 giay ago)","(84-8) 3512 2272","XungThuongNga@gmail.com","160A1 Xo Viet Nghe Tinh Street, Ward 21, Dong Da District, Hanoi","0"
"74","lu_to_tam","tam","Lu To Tam","09/12/1997 11:32:50 (9126 ngay, 23 gio, 9 phut, 39 giay ago)","23/01/1989 03:24:24 (12369 ngay, 7 gio, 18 phut, 5 giay ago)","(08) 39252662","LuToTam@gmail.com","10 Le Thi Rieng, Ben Thanh Ward, Dist.1, Long Binh Ward, Dong Nai","30"
"75","mau_tu_nguyet","nguyet","Mau Tu Nguyet","20/08/1998 09:43:21 (8873 ngay, 59 phut, 8 giay ago)","24/09/1995 02:34:37 (9934 ngay, 8 gio, 7 phut, 52 giay ago)","(84-33) 3 875 360","MauTuNguyet@gmail.com","Cong Hoa Commune, Ho Chi Minh City, Ho Chi Minh City","0"
"76","doan_tuyet_huong","huong","Doan Tuyet Huong","21/07/2010 05:05:25 (4520 ngay, 5 gio, 37 phut, 4 giay ago)","21/03/1982 13:16:56 (14868 ngay, 21 gio, 25 phut, 33 giay ago)","(84-8) 9635767/9635768/9633940","DoanTuyetHuong@gmail.com","89 Pham Phu Thu St., Ward 11, Tien An Ward, Bac Ninh","40"
"77","thai_tuyet_mai","mai","Thai Tuyet Mai","24/01/2001 02:18:27 (7985 ngay, 8 gio, 24 phut, 2 giay ago)","21/03/1983 14:46:59 (14503 ngay, 19 gio, 55 phut, 30 giay ago)","08.54122974 - 08.54123137","ThaiTuyetMai@gmail.com","1425 - 1427, Area My Toan 2, Tan Phong, Thu Duc Dist., Ho Chi Minh City","0"
"78","bien_uyen_nha","nha","Bien Uyen Nha","17/07/2006 09:50:51 (5985 ngay, 51 phut, 38 giay ago)","21/04/1981 04:54:51 (15203 ngay, 5 gio, 47 phut, 38 giay ago)","(84-8) 3 960 3131/(84-8) 3 969 3592","BienUyenNha@gmail.com","207 Mai Xuan Thuong StreetWard 6, District 6, Hai Ba Trung Dist., Hanoi","35"
"79","pham_van_khanh","khanh","Pham Van Khanh","07/05/2007 21:08:46 (5690 ngay, 13 gio, 33 phut, 43 giay ago)","04/05/1996 22:37:41 (9710 ngay, 12 gio, 4 phut, 48 giay ago)","0500. 3.814047","PhamVanKhanh@gmail.com","No. 27 Quang Trung, Buon Me Thuot, Ba Dinh District, Hanoi","0"
"80","ton_xuan_huong","huong","Ton Xuan Huong","12/05/2008 19:37:27 (5319 ngay, 15 gio, 5 phut, 2 giay ago)","09/10/1996 13:39:52 (9552 ngay, 21 gio, 2 phut, 37 giay ago)","04.37478310","TonXuanHuong@gmail.com","12 Dien Bien Phu, Hai Chau District, Da Nang","0"
"81","thanh_xuan_lan","lan","Thanh Xuan Lan","24/06/1999 19:06:17 (8564 ngay, 15 gio, 36 phut, 12 giay ago)","18/10/1980 01:28:23 (15388 ngay, 9 gio, 14 phut, 6 giay ago)","(84-651) 3 776 277","ThanhXuanLan@gmail.com","304 Provincial Road 741, Rural 10, Ha Long, Ba Dinh District, Hanoi","0"
"82","khai_yen_hong","hong","Khai Yen Hong","14/10/1989 11:59:48 (12104 ngay, 22 gio, 42 phut, 41 giay ago)","06/06/1986 21:38:59 (13330 ngay, 13 gio, 3 phut, 30 giay ago)","(08) 37291841","KhaiYenHong@gmail.com","Lot 22A, Road B, Linh Trung II EPZ., District Go Vap, Ho Chi Minh City","0"
"83","vong_bich_hang","hang","Vong Bich Hang","05/03/2006 23:54:05 (6118 ngay, 10 gio, 48 phut, 24 giay ago)","19/09/1999 10:22:31 (8478 ngay, 19 phut, 58 giay ago)","(84-8) 8219298/8219233","VongBichHang@gmail.com","33 Dang Thi Nhu St., Nguyen Thai Binh Ward, Dist. 1, Tam Phuoc Ip, An Giang","15"
"84","uong_dieu_nga","nga","Uong Dieu Nga","17/01/2009 09:26:19 (5070 ngay, 1 gio, 16 phut, 10 giay ago)","11/05/1985 00:06:51 (13722 ngay, 10 gio, 35 phut, 38 giay ago)","(84-4) 7 733510","UongDieuNga@gmail.com","27A Huynh Thuc Khang Street, Hoan Kiem District, Hanoi","10"
"85","nong_huong_xuan","xuan","Nong Huong Xuan","03/10/2002 15:07:25 (7367 ngay, 19 gio, 35 phut, 4 giay ago)","02/06/1988 10:38:26 (12604 ngay, 4 phut, 3 giay ago)","0241. 3.689210","NongHuongXuan@gmail.com","Industrial zones Yen Phong, Yen Phong, Phu Nhuan District, Ho Chi Minh City","0"
"86","the_khanh_chi","chi","The Khanh Chi","15/01/2001 17:57:40 (7993 ngay, 16 gio, 44 phut, 49 giay ago)","25/04/1995 06:42:23 (10086 ngay, 4 gio, 6 giay ago)","(84-61) 3 892 210/(84-61) 3 892 299","TheKhanhChi@gmail.com","Amata Industrial Zone 104/1 Street 2, Lot 2, Tan Binh Dist, Ho Chi Minh City","39"
"87","yen_kieu_loan","loan","Yen Kieu Loan","08/11/2009 21:06:57 (4774 ngay, 13 gio, 35 phut, 32 giay ago)","14/04/1980 18:17:46 (15574 ngay, 16 gio, 24 phut, 43 giay ago)","(84-8) 3875 0053/(84-8) 3875 0214","YenKieuLoan@gmail.com","127/13Bis Ba Hom Street, Ward 13, District 6, Quang Nam, Ho Chi Minh City","38"
"88","giang_mong_thu","thu","Giang Mong Thu","12/06/2003 14:47:24 (7115 ngay, 19 gio, 55 phut, 5 giay ago)","12/09/1999 21:28:26 (8484 ngay, 13 gio, 14 phut, 3 giay ago)","241-3820985","GiangMongThu@gmail.com","Nguyen Dang Dao, District Ninh Kieu, Can Tho","47"
"89","van_thao_quyen","quyen","Van Thao Quyen","14/07/2006 23:51:08 (5987 ngay, 10 gio, 51 phut, 21 giay ago)","21/09/1998 10:21:51 (8841 ngay, 20 phut, 38 giay ago)","(84-61) 3914631","VanThaoQuyen@gmail.com","86/47 Ha Noi Highway, Linh Trung Ward, Binh Tan Dist., Ho Chi Minh City","0"
"90","canh_thien_huong","huong","Canh Thien Huong","03/08/1987 02:36:36 (12908 ngay, 8 gio, 5 phut, 53 giay ago)","31/12/1986 16:10:34 (13122 ngay, 18 gio, 31 phut, 55 giay ago)","(84-4) 7336766","CanhThienHuong@gmail.com","35 Nguyen Thuong Hien St., Ho Chi Minh City, Ho Chi Minh City","4"
"91","phi_thu_lam","lam","Phi Thu Lam","07/10/2003 00:00:40 (6999 ngay, 10 gio, 41 phut, 49 giay ago)","20/08/1988 07:18:21 (12525 ngay, 3 gio, 24 phut, 8 giay ago)","(84-4) 37 719 198","PhiThuLam@gmail.com","337 Kim Ma Street, Tac Van Hamlet, Ca Mau","0"
"92","giap_thuy_uyen","uyen","Giap Thuy Uyen","13/10/1999 09:57:37 (8454 ngay, 44 phut, 52 giay ago)","19/05/1998 16:35:13 (8965 ngay, 18 gio, 7 phut, 16 giay ago)","(84-511) 3 643 439","GiapThuyUyen@gmail.com","155 Ham Nghi Street, Hai Ba Trung District, Hanoi","28"
"93","dang_to_uyen","uyen","Dang To Uyen","10/03/2009 07:18:44 (5018 ngay, 3 gio, 23 phut, 45 giay ago)","09/02/1996 01:20:40 (9796 ngay, 9 gio, 21 phut, 49 giay ago)","(84-4) 3823 4142/(84-4) 3823 5465","DangToUyen@gmail.com","20 Le Hong Phong Street, Ho Chi Minh City, Hanoi","0"
"94","ca_tuyet_lan","lan","Ca Tuyet Lan","27/09/1999 15:12:45 (8469 ngay, 19 gio, 29 phut, 44 giay ago)","19/08/1986 12:42:10 (13256 ngay, 22 gio, 19 giay ago)","08 3921 0320","CaTuyetLan@gmail.com","308A Quang Trung, P11, Ben Nghe Ward, Ho Chi Minh City","11"
"95","doi_van_anh","anh","Doi Van Anh","28/05/1990 09:30:08 (11879 ngay, 1 gio, 12 phut, 21 giay ago)","15/09/1985 06:34:32 (13595 ngay, 4 gio, 7 phut, 57 giay ago)","(84-61) 6280 224","DoiVanAnh@gmail.com","Road No 4, Ngo Quyen Dist., Ho Chi Minh City","16"
"96","kieu_viet_yen","yen","Kieu Viet Yen","26/10/1994 23:58:14 (10266 ngay, 10 gio, 44 phut, 15 giay ago)","13/01/1982 11:31:33 (14935 ngay, 23 gio, 10 phut, 56 giay ago)","(04) 39331486","KieuVietYen@gmail.com","1C Trang Tien, Trang Tien Ward, Hoang Mai Dist., Haiphong","6"
"97","quan_xuan_uyen","uyen","Quan Xuan Uyen","14/12/1997 02:22:44 (9122 ngay, 8 gio, 19 phut, 45 giay ago)","09/12/1981 03:49:44 (14971 ngay, 6 gio, 52 phut, 45 giay ago)","(84-37) 385 5635","QuanXuanUyen@gmail.com","Quang Trung, City, Ho Chi Minh City, Hanoi","28"
"98","han_xuyen_chi","chi","Han Xuyen Chi","24/05/2002 04:41:30 (7500 ngay, 6 gio, 59 giay ago)","22/06/2001 02:17:50 (7836 ngay, 8 gio, 24 phut, 39 giay ago)","84-8-1825918","HanXuyenChi@gmail.com","304/51a Dao Duy Anh, 9 Ward, Minh Khai Ward, Ho Chi Minh City","47"
"99","do_ban_mai","mai","Do Ban Mai","21/08/2009 10:10:20 (4854 ngay, 32 phut, 9 giay ago)","10/02/1998 04:01:00 (9064 ngay, 6 gio, 41 phut, 29 giay ago)","(84-8) 9137079","DoBanMai@gmail.com","56/2A Bui Thi Xuan St Ward 5, Ba Dinh District, Hai Phong","0"
"100","ban_bao_tien","tien","Ban Bao Tien","24/10/2009 05:19:02 (4790 ngay, 5 gio, 23 phut, 27 giay ago)","30/07/2007 17:09:43 (5606 ngay, 17 gio, 32 phut, 46 giay ago)","(510) 3946 946","BanBaoTien@gmail.com","78 Tran Hung Dao, Hoi An, Ho Chi Minh City, Hanoi","25"
"101","doan_bich_nga","nga","Doan Bich Nga","18/03/2007 14:03:57 (5740 ngay, 20 gio, 38 phut, 32 giay ago)","14/08/1994 13:44:10 (10339 ngay, 20 gio, 58 phut, 19 giay ago)","0710.3780493","DoanBichNga@gmail.com","231T 3/2, Long Binh Tan Ward, Ho Chi Minh City","47"
"102","quach_bich_ngoc","ngoc","Quach Bich Ngoc","23/11/2008 22:10:23 (5124 ngay, 12 gio, 32 phut, 6 giay ago)","01/02/1995 09:18:12 (10169 ngay, 1 gio, 24 phut, 17 giay ago)","(84-76) 770575","QuachBichNgoc@gmail.com","22 St. 5, An Lac Ward, Phu Nhuan District, Dong Nai","0"
"103","binh_da_thao","thao","Binh Da Thao","04/04/1990 23:43:58 (11932 ngay, 10 gio, 58 phut, 31 giay ago)","08/10/1986 18:35:06 (13206 ngay, 16 gio, 7 phut, 23 giay ago)","(84-74) 3 862 983/(84-74) 3 862 931","BinhDaThao@gmail.com","126A+127 Dien Bien Phu StreetWard 6, Town, Phu Nhuan District, Ho Chi Minh City","0"
"104","tuan_diem_my","my","Tuan Diem My","25/10/2006 12:40:51 (5884 ngay, 22 gio, 1 phut, 38 giay ago)","21/07/1999 12:34:13 (8537 ngay, 22 gio, 8 phut, 16 giay ago)","(08) 38576156/38578257","TuanDiemMy@gmail.com","649 Le Hong Phong, Ward 10, Dist.10, Tan Binh District, Ho Chi Minh City","30"
"105","giao_dien_vy","vy","Giao Dien Vy","22/12/2002 07:13:07 (7288 ngay, 3 gio, 29 phut, 22 giay ago)","04/05/1997 17:16:12 (9345 ngay, 17 gio, 26 phut, 17 giay ago)","(84-73) 387 2833/(84-73) 387 2833","GiaoDienVy@gmail.com","Tan My Chanh Street, My Tho City, Hanoi, Ho Chi Minh City","0"
"106","cat_dieu_huyen","huyen","Cat Dieu Huyen","31/05/1988 10:04:10 (12606 ngay, 38 phut, 19 giay ago)","27/11/1981 04:10:37 (14983 ngay, 6 gio, 31 phut, 52 giay ago)","(780) 3847472","CatDieuHuyen@gmail.com","254B Highway 1, Ho Chi Minh City, Hanoi","42"
"107","chu_dieu_thuy","thuy","Chu Dieu Thuy","22/11/2008 18:39:48 (5125 ngay, 16 gio, 2 phut, 41 giay ago)","21/03/1994 06:59:44 (10486 ngay, 3 gio, 42 phut, 45 giay ago)","(84-4) 38 470 111/(84-4) 38 472 367/(84-4) 38 472 350","ChuDieuThuy@gmail.com","Floor 5, 81C Thuy Khue Street, Ho Chi Minh City, Ho Chi Minh City","5"
"108","ma_hanh_chi","chi","Ma Hanh Chi","17/08/2010 14:56:09 (4492 ngay, 19 gio, 46 phut, 20 giay ago)","19/07/1984 23:20:45 (14017 ngay, 11 gio, 21 phut, 44 giay ago)","(84-4) 3821 2668","MaHanhChi@gmail.com","9 Pham Dinh Ho Street, Hai Ba Trung, Ho Chi Minh City","3"
"109","anh_hieu_van","van","Anh Hieu Van","20/11/2002 00:50:31 (7320 ngay, 9 gio, 51 phut, 58 giay ago)","20/03/2001 18:32:34 (7929 ngay, 16 gio, 9 phut, 55 giay ago)","08.54046595","AnhHieuVan@gmail.com","300 Hai Ba Trung, District 3, Binh Thanh Dist., Hanoi","48"
"110","mua_hoang_lan","lan","Mua Hoang Lan","07/02/1990 02:57:23 (11989 ngay, 7 gio, 45 phut, 6 giay ago)","21/07/1982 19:53:15 (14746 ngay, 14 gio, 49 phut, 14 giay ago)","(84-8) 9102127/9102183","MuaHoangLan@gmail.com","Floor 9, 41 Nguyen Thi Minh Khai St., Ben Nghe Ward, Tan Phong Ward, Ho Chi Minh City","20"
"111","duc_hoang_thu","thu","Duc Hoang Thu","22/05/1995 05:05:35 (10059 ngay, 5 gio, 36 phut, 54 giay ago)","06/11/1992 19:31:02 (10985 ngay, 15 gio, 11 phut, 27 giay ago)","(84-4) 5729215","DucHoangThu@gmail.com","16B Da Nang St., May To Ward, Gia Lam District, Ho Chi Minh City","38"
"112","thai_huyen_linh","linh","Thai Huyen Linh","17/07/2003 22:12:33 (7080 ngay, 12 gio, 29 phut, 56 giay ago)","16/04/1995 07:42:32 (10095 ngay, 2 gio, 59 phut, 57 giay ago)","(04) 36648767","ThaiHuyenLinh@gmail.com","907 Giai Phong, Giap Bat Ward, Ho Chi Minh City, Hanoi","47"
"113","cai_huyen_tram","tram","Cai Huyen Tram","15/06/2000 09:32:40 (8208 ngay, 1 gio, 9 phut, 49 giay ago)","10/12/1994 11:47:06 (10221 ngay, 22 gio, 55 phut, 23 giay ago)","( 84-8) 38944992","CaiHuyenTram@gmail.com","No.3 , No.1 Street - Area 26B, Lien Chieu Dist., Ho Chi Minh City","48"
"114","nham_khanh_linh","linh","Nham Khanh Linh","10/01/2003 16:53:28 (7268 ngay, 17 gio, 49 phut, 1 giay ago)","12/04/1986 07:17:27 (13386 ngay, 3 gio, 25 phut, 2 giay ago)","(84-31) 3 745 722/(84-31) 3 823 042","NhamKhanhLinh@gmail.com","133 Dien Bien Phu Street, Lai Thieu Townlet, Danang","43"
"115","mau_kieu_mai","mai","Mau Kieu Mai","03/09/2007 11:55:40 (5571 ngay, 22 gio, 46 phut, 49 giay ago)","01/01/1996 11:31:55 (9834 ngay, 23 gio, 10 phut, 34 giay ago)","(84-4) 38 472 525","MauKieuMai@gmail.com","303 Hoang Hoa Tham Street, Hai Ba Trung District, Binh Duong","7"
"116","nhu_kim_khanh","khanh","Nhu Kim Khanh","22/12/1991 08:14:34 (11306 ngay, 2 gio, 27 phut, 55 giay ago)","28/01/1990 15:51:46 (11998 ngay, 18 gio, 50 phut, 43 giay ago)","(84-8) 8224702/8237881","NhuKimKhanh@gmail.com","229 Bai Say St., Ward 4, Dist. 6, Gia Lam District, Hanoi","32"
"117","dong_lam_tuyen","tuyen","Dong Lam Tuyen","30/09/1998 07:14:39 (8832 ngay, 3 gio, 27 phut, 50 giay ago)","03/02/1981 17:04:28 (15279 ngay, 17 gio, 38 phut, 1 giay ago)","(84-061) 3 831 466","DongLamTuyen@gmail.com","Highway 51, Port of, Loc Ninh Town, Hanoi","0"
"118","huynh_le_bang","bang","Huynh Le Bang","28/01/2003 03:07:46 (7251 ngay, 7 gio, 34 phut, 43 giay ago)","22/07/2001 04:29:20 (7806 ngay, 6 gio, 13 phut, 9 giay ago)","(84-8) 66 839 581","HuynhLeBang@gmail.com","21 Cam Ba Tuoc Street, Ward 7, Tp. Cà Mau), Binh Phuoc","49"
