"1","23/04/2021 00:00:00 (591 ngay, 10 gio, 42 phut, 29 giay ago)","22/05/2022 00:00:00 (197 ngay, 10 gio, 42 phut, 29 giay ago)","0"
"2","17/02/2021 00:00:00 (656 ngay, 10 gio, 42 phut, 29 giay ago)","17/04/2022 00:00:00 (232 ngay, 10 gio, 42 phut, 29 giay ago)","1"
"3","10/05/2021 00:00:00 (574 ngay, 10 gio, 42 phut, 29 giay ago)","29/05/2022 00:00:00 (190 ngay, 10 gio, 42 phut, 29 giay ago)","0"
"4","27/01/2021 00:00:00 (677 ngay, 10 gio, 42 phut, 29 giay ago)","09/05/2022 00:00:00 (210 ngay, 10 gio, 42 phut, 29 giay ago)","0"
"5","04/02/2021 00:00:00 (669 ngay, 10 gio, 42 phut, 29 giay ago)","03/02/2022 00:00:00 (305 ngay, 10 gio, 42 phut, 29 giay ago)","3"
"6","08/04/2021 00:00:00 (606 ngay, 10 gio, 42 phut, 29 giay ago)","14/01/2022 00:00:00 (325 ngay, 10 gio, 42 phut, 29 giay ago)","1"
"7","13/03/2021 00:00:00 (632 ngay, 10 gio, 42 phut, 29 giay ago)","07/05/2022 00:00:00 (212 ngay, 10 gio, 42 phut, 29 giay ago)","2"
"8","21/01/2021 00:00:00 (683 ngay, 10 gio, 42 phut, 29 giay ago)","15/05/2022 00:00:00 (204 ngay, 10 gio, 42 phut, 29 giay ago)","0"
"9","02/04/2021 00:00:00 (612 ngay, 10 gio, 42 phut, 29 giay ago)","22/04/2022 00:00:00 (227 ngay, 10 gio, 42 phut, 29 giay ago)","0"
"10","08/05/2021 00:00:00 (576 ngay, 10 gio, 42 phut, 29 giay ago)","12/01/2022 00:00:00 (327 ngay, 10 gio, 42 phut, 29 giay ago)","0"
"11","01/04/2021 00:00:00 (613 ngay, 10 gio, 42 phut, 29 giay ago)","02/06/2022 00:00:00 (186 ngay, 10 gio, 42 phut, 29 giay ago)","1"
"12","11/06/2021 00:00:00 (542 ngay, 10 gio, 42 phut, 29 giay ago)","20/01/2022 00:00:00 (319 ngay, 10 gio, 42 phut, 29 giay ago)","0"
"13","25/05/2021 00:00:00 (559 ngay, 10 gio, 42 phut, 29 giay ago)","18/01/2022 00:00:00 (321 ngay, 10 gio, 42 phut, 29 giay ago)","1"
"14","27/01/2021 00:00:00 (677 ngay, 10 gio, 42 phut, 29 giay ago)","20/02/2022 00:00:00 (288 ngay, 10 gio, 42 phut, 29 giay ago)","0"
"15","02/06/2021 00:00:00 (551 ngay, 10 gio, 42 phut, 29 giay ago)","17/04/2022 00:00:00 (232 ngay, 10 gio, 42 phut, 29 giay ago)","2"
"16","16/04/2021 00:00:00 (598 ngay, 10 gio, 42 phut, 29 giay ago)","05/04/2022 00:00:00 (244 ngay, 10 gio, 42 phut, 29 giay ago)","4"
"17","28/04/2021 00:00:00 (586 ngay, 10 gio, 42 phut, 29 giay ago)","02/04/2022 00:00:00 (247 ngay, 10 gio, 42 phut, 29 giay ago)","1"
"18","05/03/2021 00:00:00 (640 ngay, 10 gio, 42 phut, 29 giay ago)","21/03/2022 00:00:00 (259 ngay, 10 gio, 42 phut, 29 giay ago)","3"
"19","23/01/2021 00:00:00 (681 ngay, 10 gio, 42 phut, 29 giay ago)","12/05/2022 00:00:00 (207 ngay, 10 gio, 42 phut, 29 giay ago)","2"
"20","03/02/2021 00:00:00 (670 ngay, 10 gio, 42 phut, 29 giay ago)","09/04/2022 00:00:00 (240 ngay, 10 gio, 42 phut, 29 giay ago)","2"
"21","15/03/2021 00:00:00 (630 ngay, 10 gio, 42 phut, 29 giay ago)","10/05/2022 00:00:00 (209 ngay, 10 gio, 42 phut, 29 giay ago)","0"
"22","28/01/2021 00:00:00 (676 ngay, 10 gio, 42 phut, 29 giay ago)","14/03/2022 00:00:00 (266 ngay, 10 gio, 42 phut, 29 giay ago)","0"
"23","01/04/2021 00:00:00 (613 ngay, 10 gio, 42 phut, 29 giay ago)","02/02/2022 00:00:00 (306 ngay, 10 gio, 42 phut, 29 giay ago)","3"
"24","17/04/2021 00:00:00 (597 ngay, 10 gio, 42 phut, 29 giay ago)","24/04/2022 00:00:00 (225 ngay, 10 gio, 42 phut, 29 giay ago)","4"
"25","10/02/2021 00:00:00 (663 ngay, 10 gio, 42 phut, 29 giay ago)","03/04/2022 00:00:00 (246 ngay, 10 gio, 42 phut, 29 giay ago)","2"
"26","11/02/2021 00:00:00 (662 ngay, 10 gio, 42 phut, 29 giay ago)","24/01/2022 00:00:00 (315 ngay, 10 gio, 42 phut, 29 giay ago)","0"
"27","13/01/2021 00:00:00 (691 ngay, 10 gio, 42 phut, 29 giay ago)","24/05/2022 00:00:00 (195 ngay, 10 gio, 42 phut, 29 giay ago)","3"
"28","01/04/2021 00:00:00 (613 ngay, 10 gio, 42 phut, 29 giay ago)","22/03/2022 00:00:00 (258 ngay, 10 gio, 42 phut, 29 giay ago)","0"
"29","02/03/2021 00:00:00 (643 ngay, 10 gio, 42 phut, 29 giay ago)","10/06/2022 00:00:00 (178 ngay, 10 gio, 42 phut, 29 giay ago)","1"
"30","23/02/2021 00:00:00 (650 ngay, 10 gio, 42 phut, 29 giay ago)","18/02/2022 00:00:00 (290 ngay, 10 gio, 42 phut, 29 giay ago)","3"
"31","18/04/2021 00:00:00 (596 ngay, 10 gio, 42 phut, 29 giay ago)","13/03/2022 00:00:00 (267 ngay, 10 gio, 42 phut, 29 giay ago)","3"
"32","14/04/2021 00:00:00 (600 ngay, 10 gio, 42 phut, 29 giay ago)","08/05/2022 00:00:00 (211 ngay, 10 gio, 42 phut, 29 giay ago)","2"
"33","09/02/2021 00:00:00 (664 ngay, 10 gio, 42 phut, 29 giay ago)","13/04/2022 00:00:00 (236 ngay, 10 gio, 42 phut, 29 giay ago)","3"
"34","06/06/2021 00:00:00 (547 ngay, 10 gio, 42 phut, 29 giay ago)","15/01/2022 00:00:00 (324 ngay, 10 gio, 42 phut, 29 giay ago)","4"
"35","20/05/2021 00:00:00 (564 ngay, 10 gio, 42 phut, 29 giay ago)","28/02/2022 00:00:00 (280 ngay, 10 gio, 42 phut, 29 giay ago)","3"
"36","17/02/2021 00:00:00 (656 ngay, 10 gio, 42 phut, 29 giay ago)","04/05/2022 00:00:00 (215 ngay, 10 gio, 42 phut, 29 giay ago)","3"
"37","19/02/2021 00:00:00 (654 ngay, 10 gio, 42 phut, 29 giay ago)","09/03/2022 00:00:00 (271 ngay, 10 gio, 42 phut, 29 giay ago)","0"
"38","05/05/2021 00:00:00 (579 ngay, 10 gio, 42 phut, 29 giay ago)","15/01/2022 00:00:00 (324 ngay, 10 gio, 42 phut, 29 giay ago)","0"
"39","17/02/2021 00:00:00 (656 ngay, 10 gio, 42 phut, 29 giay ago)","28/01/2022 00:00:00 (311 ngay, 10 gio, 42 phut, 29 giay ago)","0"
"40","05/05/2021 00:00:00 (579 ngay, 10 gio, 42 phut, 29 giay ago)","10/05/2022 00:00:00 (209 ngay, 10 gio, 42 phut, 29 giay ago)","3"
"41","07/02/2021 00:00:00 (666 ngay, 10 gio, 42 phut, 29 giay ago)","30/03/2022 00:00:00 (250 ngay, 10 gio, 42 phut, 29 giay ago)","1"
"42","21/04/2021 00:00:00 (593 ngay, 10 gio, 42 phut, 29 giay ago)","04/04/2022 00:00:00 (245 ngay, 10 gio, 42 phut, 29 giay ago)","3"
"43","29/03/2021 00:00:00 (616 ngay, 10 gio, 42 phut, 29 giay ago)","01/06/2022 00:00:00 (187 ngay, 10 gio, 42 phut, 29 giay ago)","3"
"44","28/01/2021 00:00:00 (676 ngay, 10 gio, 42 phut, 29 giay ago)","24/05/2022 00:00:00 (195 ngay, 10 gio, 42 phut, 29 giay ago)","2"
"45","22/04/2021 00:00:00 (592 ngay, 10 gio, 42 phut, 29 giay ago)","08/06/2022 00:00:00 (180 ngay, 10 gio, 42 phut, 29 giay ago)","1"
"46","31/05/2021 00:00:00 (553 ngay, 10 gio, 42 phut, 29 giay ago)","03/03/2022 00:00:00 (277 ngay, 10 gio, 42 phut, 29 giay ago)","2"
"47","19/05/2021 00:00:00 (565 ngay, 10 gio, 42 phut, 29 giay ago)","08/06/2022 00:00:00 (180 ngay, 10 gio, 42 phut, 29 giay ago)","0"
"48","13/03/2021 00:00:00 (632 ngay, 10 gio, 42 phut, 29 giay ago)","28/05/2022 00:00:00 (191 ngay, 10 gio, 42 phut, 29 giay ago)","4"
"49","08/03/2021 00:00:00 (637 ngay, 10 gio, 42 phut, 29 giay ago)","19/02/2022 00:00:00 (289 ngay, 10 gio, 42 phut, 29 giay ago)","1"
"50","24/01/2021 00:00:00 (680 ngay, 10 gio, 42 phut, 29 giay ago)","23/01/2022 00:00:00 (316 ngay, 10 gio, 42 phut, 29 giay ago)","4"
