"id","username","password","name","regtime","borntime","phone","email","address"
"4","ninh_my_loi","loi","Ninh My Loi","09/08/2009 11:13:25","05/09/2004 04:00:53","(84-8) 3834 3691/(84-8) 3832 7725","NinhMyLoi@gmail.com","58B Do Thanh Living Quarter, Ward 4, District 3, Ho Chi Minh City, Binh Phuoc"
"11","ha_phuong_an","an","Ha Phuong An","02/06/2008 09:52:57","29/01/2001 18:05:44","(84-8) 37 294 160/(84-8) 38 965 635/(84-8) 38 965 694","HaPhuongAn@gmail.com","Lot B,Binh Chieu Ward, Thu Duc District, Khanh Hau Ward, Hanoi"
"26","quan_tuy_linh","linh","Quan Tuy Linh","07/07/1993 05:29:28","08/08/1986 12:40:36","08. 37 738 644","QuanTuyLinh@gmail.com","1 Tran Khanh Du, Tan Dinh Ward, Dist.1, Ho Chi Minh City, Ho Chi Minh City"
"9","quang_nguyet_hong","hong","Quang Nguyet Hong","29/06/1998 15:46:11","02/03/1993 20:38:57","(84-8) 5411 1037","QuangNguyetHong@gmail.com","09 Cao Trieu Phat Street, Hung Phuoc 1, Tan Phong Ward, Cao Bang Province, Hanoi"
"11","ha_phuong_an","an","Ha Phuong An","02/06/2008 09:52:57","29/01/2001 18:05:44","(84-8) 37 294 160/(84-8) 38 965 635/(84-8) 38 965 694","HaPhuongAn@gmail.com","Lot B,Binh Chieu Ward, Thu Duc District, Khanh Hau Ward, Hanoi"
"22","hoang_trieu_man","man","Hoang Trieu Man","11/05/2010 01:30:14","14/10/1980 19:09:13","(08) 38482884/62912769","HoangTrieuMan@gmail.com","126 Nguyen Hue, Ward Phu Nhuan., Ba Ria - Vung Tau, Ba Ria-Vung Tau"
"6","lam_my_thuan","thuan","Lam My Thuan","20/05/1997 00:11:15","04/03/1992 23:16:49","(84-8) 38 277 839","LamMyThuan@gmail.com","88 Nguyen Du Street, District 1, Ho Chi Minh City, Hanoi"
"20","da_thien_my","my","Da Thien My","10/01/2001 00:07:22","05/12/1988 04:00:56","(84-8) 38 222 996/(84-8) 38 291 510/(84-8) 38 222 991","DaThienMy@gmail.com","186 Ten Lua St., Binh Tri Dong B Ward, Binh Tan Dist., Ho Chi Minh City"
"9","quang_nguyet_hong","hong","Quang Nguyet Hong","29/06/1998 15:46:11","02/03/1993 20:38:57","(84-8) 5411 1037","QuangNguyetHong@gmail.com","09 Cao Trieu Phat Street, Hung Phuoc 1, Tan Phong Ward, Cao Bang Province, Hanoi"
"22","hoang_trieu_man","man","Hoang Trieu Man","11/05/2010 01:30:14","14/10/1980 19:09:13","(08) 38482884/62912769","HoangTrieuMan@gmail.com","126 Nguyen Hue, Ward Phu Nhuan., Ba Ria - Vung Tau, Ba Ria-Vung Tau"
